{
  "task_creation": [
    3.0994415283203125e-06,
    3.814697265625e-06,
    3.0994415283203125e-06,
    3.0994415283203125e-06,
    2.86102294921875e-06,
    3.0994415283203125e-06,
    3.0994415283203125e-06,
    2.6226043701171875e-06,
    2.1457672119140625e-06,
    2.1457672119140625e-06
  ],
  "task_update": [
    1.1920928955078125e-06,
    9.5367431640625e-07,
    9.5367431640625e-07,
    9.5367431640625e-07,
    1.1920928955078125e-06,
    9.5367431640625e-07,
    0.0,
    0.0,
    1.1920928955078125e-06,
    7.152557373046875e-07
  ],
  "task_query": [
    1.1920928955078125e-06,
    0.0,
    9.5367431640625e-07,
    0.0,
    9.5367431640625e-07,
    0.0,
    0.0,
    0.0,
    0.0,
    9.5367431640625e-07
  ],
  "workflow_creation": [
    9.5367431640625e-07,
    2.1457672119140625e-06,
    9.5367431640625e-07,
    1.1920928955078125e-06,
    9.5367431640625e-07
  ],
  "workflow_execution": [
    2.1457672119140625e-06,
    2.1457672119140625e-06,
    1.9073486328125e-06
  ],
  "cache_hits": 3,
  "cache_misses": 0,
  "bottlenecks": [],
  "optimizations_applied": [],
  "before_optimization": {
    "task_creation_avg": 2.9087066650390623e-06,
    "task_update_avg": 8.106231689453125e-07,
    "task_query_avg": 4.0531158447265624e-07,
    "workflow_creation_avg": 1.239776611328125e-06,
    "workflow_execution_avg": 2.0662943522135415e-06,
    "cache_hit_ratio": 1.0
  },
  "after_optimization": {
    "task_creation_avg": 2.9087066650390623e-06,
    "task_update_avg": 8.106231689453125e-07,
    "task_query_avg": 4.0531158447265624e-07,
    "workflow_creation_avg": 1.239776611328125e-06,
    "workflow_execution_avg": 2.0662943522135415e-06,
    "cache_hit_ratio": 1.0
  }
}